Frame,Time,Marker 1 X,Marker 1 Y,Marker 1 Z,Marker 2 X,Marker 2 Y,Marker 2 Z,Marker 3 X,Marker 3 Y,Marker 3 Z
0,0,-0.02801,0.025517,0.009207,-0.02667,0.026324,0.112696,-0.021425,0.025529,0.062783
1,0.008333,-0.028012,0.025518,0.009207,-0.026665,0.026323,0.112692,-0.021419,0.02553,0.062781
2,0.016667,-0.028009,0.025519,0.009206,-0.026669,0.026325,0.112693,-0.021416,0.025528,0.06278
3,0.025,-0.028009,0.025517,0.009209,-0.026669,0.026326,0.112689,-0.021418,0.02553,0.062781
4,0.033333,-0.02801,0.025517,0.009207,-0.026664,0.026328,0.112688,-0.021417,0.025538,0.062779
5,0.041667,-0.028009,0.02552,0.009205,-0.026668,0.026324,0.112692,-0.021418,0.025532,0.062783
6,0.05,-0.028009,0.025518,0.009203,-0.026667,0.026326,0.112695,-0.021419,0.025536,0.062782
7,0.058333,-0.028011,0.02552,0.009204,-0.02667,0.026325,0.112692,-0.021421,0.025534,0.062783
8,0.066667,-0.028012,0.025519,0.009204,-0.026669,0.026328,0.112693,-0.02142,0.025533,0.062784
9,0.075,-0.028014,0.025517,0.009208,-0.026668,0.026326,0.112692,-0.02142,0.02553,0.062783
10,0.083333,-0.02801,0.025516,0.009208,-0.026668,0.026325,0.112692,-0.021418,0.025533,0.062785
11,0.091667,-0.02801,0.025519,0.009206,-0.026666,0.026328,0.112692,-0.021419,0.025534,0.062784
12,0.1,-0.028008,0.025516,0.009202,-0.026667,0.02633,0.112692,-0.021417,0.025532,0.06278
13,0.108333,-0.028009,0.025517,0.009205,-0.026666,0.026327,0.112692,-0.02142,0.025533,0.062787
14,0.116667,-0.02801,0.025522,0.009207,-0.026664,0.026325,0.112691,-0.021417,0.025533,0.062781
15,0.125,-0.028008,0.025516,0.009205,-0.026665,0.026327,0.112692,-0.021418,0.025532,0.062781
16,0.133333,-0.02801,0.025516,0.009205,-0.026666,0.026322,0.112693,-0.021419,0.02553,0.062781
17,0.141667,-0.02801,0.025519,0.009204,-0.026664,0.026325,0.112693,-0.021416,0.025534,0.062782
18,0.15,-0.02801,0.025517,0.009201,-0.026663,0.026324,0.112697,-0.021415,0.025532,0.062784
19,0.158333,-0.02801,0.025517,0.0092,-0.026665,0.026325,0.112696,-0.021414,0.025536,0.062784
20,0.166667,-0.028009,0.025519,0.009197,-0.026666,0.026325,0.112702,-0.021416,0.025535,0.062782
21,0.175,-0.028011,0.025518,0.0092,-0.026666,0.026324,0.1127,-0.021413,0.025532,0.062778
22,0.183333,-0.028009,0.025518,0.009199,-0.026663,0.026322,0.112699,-0.021413,0.025539,0.062781
23,0.191667,-0.028007,0.02552,0.009199,-0.026662,0.026321,0.112697,-0.021412,0.025534,0.062785
24,0.2,-0.028008,0.025513,0.009198,-0.026662,0.026321,0.112695,-0.021408,0.025534,0.062781
25,0.208333,-0.028008,0.025515,0.009194,-0.026662,0.02632,0.112699,-0.021411,0.025539,0.062779
26,0.216667,-0.028005,0.025517,0.009194,-0.026663,0.026323,0.112703,-0.021409,0.025536,0.062785
27,0.225,-0.028009,0.025519,0.009193,-0.026662,0.026327,0.112701,-0.021409,0.025534,0.062778
28,0.233333,-0.028005,0.025518,0.00919,-0.026658,0.026325,0.1127,-0.021408,0.025534,0.062786
29,0.241667,-0.02801,0.025518,0.00919,-0.02666,0.026324,0.112702,-0.021405,0.025542,0.062784
30,0.25,-0.028007,0.025516,0.009196,-0.026662,0.026324,0.1127,-0.021404,0.025538,0.062783
31,0.258333,-0.028007,0.025515,0.009191,-0.026661,0.026324,0.112702,-0.021407,0.025538,0.062782
32,0.266667,-0.028008,0.025518,0.009193,-0.026657,0.026328,0.112704,-0.021405,0.025542,0.06278
33,0.275,-0.028006,0.025517,0.009189,-0.02666,0.026323,0.112707,-0.021405,0.025539,0.062784
34,0.283333,-0.028009,0.025517,0.00919,-0.026661,0.026327,0.112703,-0.021405,0.02554,0.062789
35,0.291667,-0.028009,0.025518,0.00919,-0.026661,0.026321,0.112704,-0.021405,0.025541,0.06278
36,0.3,-0.028008,0.025516,0.009187,-0.026659,0.026324,0.112705,-0.021405,0.025539,0.062784
37,0.308333,-0.028004,0.025518,0.009184,-0.026662,0.02632,0.112703,-0.021403,0.02554,0.062781
38,0.316667,-0.028006,0.025512,0.009187,-0.02666,0.026327,0.112707,-0.021403,0.02554,0.062781
39,0.325,-0.028007,0.025517,0.009188,-0.02666,0.026324,0.112709,-0.0214,0.02554,0.062783
40,0.333333,-0.028005,0.025521,0.009187,-0.026658,0.026327,0.112706,-0.021402,0.025538,0.06278
41,0.341667,-0.028003,0.025518,0.009187,-0.026661,0.02632,0.112709,-0.021401,0.025537,0.062782
42,0.35,-0.028007,0.02552,0.009187,-0.026661,0.026323,0.112709,-0.021402,0.025541,0.062783
43,0.358333,-0.028005,0.025519,0.009186,-0.02666,0.026326,0.11271,-0.021403,0.02554,0.062779
44,0.366667,-0.028006,0.025514,0.009186,-0.026659,0.026324,0.112706,-0.021398,0.025537,0.062784
45,0.375,-0.028007,0.025518,0.009185,-0.02666,0.026323,0.112707,-0.0214,0.025542,0.062779
46,0.383333,-0.028005,0.025522,0.009183,-0.026659,0.02632,0.112707,-0.0214,0.025538,0.062779
47,0.391667,-0.028007,0.025519,0.009183,-0.026658,0.026325,0.112711,-0.021399,0.025544,0.062778
48,0.4,-0.028008,0.025518,0.009183,-0.026656,0.026321,0.112711,-0.021402,0.025542,0.062778
49,0.408333,-0.028008,0.025518,0.009181,-0.026658,0.026328,0.112711,-0.021395,0.025542,0.062783
50,0.416667,-0.028005,0.02552,0.009178,-0.026659,0.026323,0.112713,-0.0214,0.025543,0.06278
51,0.425,-0.028007,0.02552,0.009185,-0.026661,0.026324,0.112712,-0.021395,0.025544,0.062779
52,0.433333,-0.028006,0.025522,0.009182,-0.026658,0.026323,0.112711,-0.021402,0.025542,0.062787
53,0.441667,-0.028006,0.025524,0.009178,-0.026658,0.026324,0.112709,-0.0214,0.025542,0.06278
54,0.45,-0.028007,0.02552,0.009182,-0.026658,0.026322,0.112712,-0.021401,0.025539,0.062781
55,0.458333,-0.028004,0.025522,0.009181,-0.026656,0.026322,0.112708,-0.021401,0.025545,0.062784
56,0.466667,-0.028007,0.025518,0.009181,-0.026659,0.026322,0.112711,-0.021394,0.025542,0.062781
57,0.475,-0.028007,0.02552,0.009183,-0.026659,0.026322,0.112713,-0.021395,0.025544,0.062779
58,0.483333,-0.028005,0.02552,0.009184,-0.026661,0.026325,0.112713,-0.021399,0.025544,0.062784
59,0.491667,-0.028002,0.025516,0.009183,-0.026662,0.026322,0.11271,-0.021396,0.025541,0.062783
60,0.5,-0.028007,0.025518,0.009183,-0.026658,0.026322,0.112712,-0.021397,0.025544,0.06278
61,0.508333,-0.028006,0.025523,0.009184,-0.026658,0.026323,0.112711,-0.021393,0.025545,0.06278
62,0.516667,-0.028007,0.02552,0.009181,-0.026659,0.026322,0.112711,-0.021395,0.025548,0.062779
63,0.525,-0.028007,0.025519,0.009181,-0.026657,0.026326,0.112712,-0.021399,0.02554,0.062782
64,0.533333,-0.028005,0.025518,0.00918,-0.026663,0.026321,0.112711,-0.021398,0.025544,0.062775
65,0.541667,-0.028005,0.025516,0.009181,-0.02666,0.026323,0.112711,-0.021401,0.025541,0.062781
66,0.55,-0.028003,0.02552,0.009182,-0.02666,0.026322,0.112713,-0.021398,0.025542,0.062782
67,0.558333,-0.028007,0.025519,0.009181,-0.02666,0.026324,0.112714,-0.021396,0.025548,0.062785
68,0.566667,-0.028005,0.025519,0.00918,-0.026659,0.026327,0.112712,-0.021396,0.025542,0.062779
69,0.575,-0.028006,0.025518,0.00918,-0.026658,0.026324,0.112712,-0.021397,0.025543,0.062781
70,0.583333,-0.028004,0.025521,0.009178,-0.026658,0.026324,0.112714,-0.021394,0.025542,0.062781
71,0.591667,-0.028006,0.025521,0.009177,-0.026661,0.026322,0.112712,-0.021394,0.025541,0.062779
72,0.6,-0.028004,0.025519,0.009177,-0.026658,0.026325,0.112711,-0.021395,0.025549,0.06278
73,0.608333,-0.028005,0.025519,0.00918,-0.026659,0.026324,0.112712,-0.021393,0.02554,0.062781
74,0.616667,-0.028004,0.025521,0.009179,-0.026657,0.02632,0.112712,-0.021393,0.025551,0.062786
75,0.625,-0.028002,0.025514,0.00918,-0.026658,0.026326,0.112714,-0.021391,0.025542,0.06278
76,0.633333,-0.028004,0.025518,0.009181,-0.026658,0.026322,0.112715,-0.021396,0.025542,0.062782
77,0.641667,-0.028005,0.025517,0.009178,-0.02666,0.026324,0.112713,-0.021392,0.025543,0.06278
78,0.65,-0.028005,0.025518,0.009179,-0.026657,0.026323,0.112713,-0.021394,0.025543,0.062781
79,0.658333,-0.028004,0.025517,0.009177,-0.026659,0.026322,0.112712,-0.021391,0.025545,0.062782
80,0.666667,-0.028008,0.025519,0.009179,-0.026658,0.026323,0.112716,-0.021395,0.025546,0.062782
81,0.675,-0.028006,0.025516,0.009175,-0.026656,0.02632,0.112714,-0.021393,0.025549,0.062779
82,0.683333,-0.028007,0.025521,0.00918,-0.026658,0.026321,0.112719,-0.021391,0.025549,0.062782
83,0.691667,-0.028003,0.025516,0.009177,-0.026656,0.02632,0.112717,-0.021391,0.025545,0.062778
84,0.7,-0.028005,0.025519,0.009175,-0.026657,0.02632,0.112715,-0.021392,0.025545,0.06278
85,0.708333,-0.028003,0.025523,0.009175,-0.026658,0.026321,0.112717,-0.02139,0.025545,0.062785
86,0.716667,-0.028007,0.025517,0.009178,-0.026655,0.026323,0.112724,-0.021389,0.025547,0.062779
87,0.725,-0.028002,0.025517,0.009174,-0.026654,0.026325,0.11272,-0.021385,0.025549,0.062781
88,0.733333,-0.028004,0.025523,0.009176,-0.026655,0.026321,0.112719,-0.021385,0.025543,0.062783
89,0.741667,-0.028005,0.02552,0.009173,-0.026655,0.026324,0.11272,-0.021387,0.025552,0.062781
90,0.75,-0.028005,0.02552,0.009176,-0.026653,0.026323,0.112721,-0.021386,0.02555,0.062784
91,0.758333,-0.028006,0.02552,0.009173,-0.026654,0.026321,0.112719,-0.021388,0.025547,0.062785
92,0.766667,-0.028005,0.025514,0.009173,-0.026652,0.026323,0.112722,-0.021387,0.025548,0.062781
93,0.775,-0.028,0.025517,0.009172,-0.026655,0.026319,0.112724,-0.021384,0.025552,0.062778
94,0.783333,-0.028004,0.025515,0.00917,-0.026652,0.02632,0.112726,-0.021384,0.025546,0.062782
95,0.791667,-0.028002,0.025519,0.009171,-0.026655,0.02632,0.112722,-0.021382,0.02555,0.062776
96,0.8,-0.028005,0.025516,0.00917,-0.026654,0.02632,0.11272,-0.021382,0.025548,0.062781
97,0.808333,-0.028004,0.025516,0.009169,-0.026652,0.026322,0.112723,-0.021385,0.025548,0.062782
98,0.816667,-0.028005,0.025513,0.009171,-0.026651,0.026322,0.112728,-0.02138,0.025553,0.06278
99,0.825,-0.028002,0.025516,0.009167,-0.026655,0.026318,0.112725,-0.021381,0.025554,0.062781
100,0.833333,-0.028,0.025515,0.009167,-0.026648,0.02632,0.112729,-0.021378,0.025553,0.062777
101,0.841667,-0.028004,0.025514,0.009166,-0.026655,0.026322,0.112729,-0.021379,0.025555,0.062784
102,0.85,-0.028004,0.025514,0.009169,-0.026654,0.026319,0.11273,-0.021377,0.025554,0.062779
103,0.858333,-0.028003,0.025517,0.009162,-0.026653,0.026323,0.11273,-0.021377,0.025556,0.062779
104,0.866667,-0.028002,0.025521,0.009163,-0.026655,0.026322,0.112729,-0.021376,0.025554,0.06278
105,0.875,-0.028003,0.025518,0.00916,-0.026651,0.026319,0.112732,-0.021375,0.025554,0.06278
106,0.883333,-0.028004,0.025516,0.009163,-0.026651,0.02632,0.112734,-0.021375,0.025556,0.06278
107,0.891667,-0.027997,0.025515,0.009164,-0.026655,0.026326,0.112729,-0.021376,0.025552,0.062778
108,0.9,-0.028002,0.025521,0.009157,-0.02665,0.02632,0.112736,-0.021371,0.025553,0.062782
109,0.908333,-0.028001,0.025514,0.00916,-0.026654,0.026324,0.112736,-0.021371,0.025554,0.062782
110,0.916667,-0.028004,0.025515,0.009159,-0.026654,0.026321,0.11273,-0.021374,0.025557,0.062783
111,0.925,-0.028001,0.025518,0.009159,-0.026648,0.026321,0.112736,-0.021369,0.025555,0.062782
112,0.933333,-0.028003,0.02552,0.009158,-0.026649,0.026323,0.112736,-0.021365,0.025557,0.062785
113,0.941667,-0.027999,0.025517,0.009157,-0.02665,0.026326,0.112737,-0.021368,0.025564,0.062781
114,0.95,-0.027999,0.025518,0.009156,-0.026648,0.026321,0.112737,-0.021369,0.025558,0.06278
115,0.958333,-0.028003,0.025515,0.009153,-0.026653,0.026324,0.112739,-0.021367,0.025558,0.062779
116,0.966667,-0.028,0.025515,0.009151,-0.026651,0.026321,0.11274,-0.021368,0.025559,0.06278
117,0.975,-0.028002,0.025518,0.009152,-0.02665,0.026322,0.11274,-0.021367,0.025556,0.062782
118,0.983333,-0.028,0.025512,0.009149,-0.02665,0.026324,0.11274,-0.021363,0.025559,0.062782
119,0.991667,-0.027999,0.025518,0.009148,-0.02665,0.026327,0.112742,-0.021366,0.025565,0.06278
120,1,-0.028,0.025519,0.009148,-0.026649,0.026323,0.112743,-0.021363,0.025563,0.06278
121,1.008333,-0.028003,0.025518,0.009146,-0.02665,0.026327,0.112741,-0.021364,0.025565,0.062778
122,1.016667,-0.027998,0.025512,0.009148,-0.026649,0.02632,0.112743,-0.021362,0.025562,0.062781
123,1.025,-0.028001,0.025523,0.009144,-0.026651,0.026321,0.112748,-0.021363,0.025565,0.062782
124,1.033333,-0.028001,0.025519,0.009144,-0.026649,0.026322,0.112745,-0.02136,0.025562,0.062783
125,1.041667,-0.027999,0.02552,0.009142,-0.026651,0.026322,0.112744,-0.021361,0.025567,0.062781
126,1.05,-0.028,0.02552,0.009143,-0.026649,0.026322,0.112748,-0.021359,0.025563,0.062783
127,1.058333,-0.027999,0.025518,0.009145,-0.02665,0.026324,0.112747,-0.021358,0.025567,0.062782
128,1.066667,-0.027997,0.02552,0.00914,-0.026651,0.026322,0.112747,-0.021356,0.025568,0.062778
129,1.075,-0.028,0.025518,0.009139,-0.026648,0.026321,0.112751,-0.021356,0.025567,0.062782
130,1.083333,-0.028003,0.02552,0.009137,-0.026648,0.026325,0.112747,-0.021355,0.025566,0.062776
131,1.091667,-0.028,0.025522,0.009137,-0.026647,0.026325,0.112748,-0.021354,0.025566,0.062781
132,1.1,-0.028001,0.025518,0.009135,-0.026647,0.026325,0.112754,-0.021353,0.025566,0.062782
133,1.108333,-0.027999,0.02552,0.009134,-0.026648,0.026323,0.112752,-0.021356,0.025569,0.06278
134,1.116667,-0.028001,0.025524,0.00914,-0.026648,0.02632,0.112753,-0.021353,0.025568,0.062779
135,1.125,-0.027998,0.025521,0.009137,-0.026644,0.026329,0.112754,-0.021352,0.025566,0.062785
136,1.133333,-0.028004,0.025516,0.009134,-0.026645,0.026321,0.112753,-0.021353,0.025567,0.062782
137,1.141667,-0.027999,0.02552,0.009135,-0.026645,0.026323,0.112752,-0.021351,0.025568,0.062782
138,1.15,-0.027998,0.025519,0.009136,-0.026646,0.026327,0.112753,-0.021349,0.025573,0.062782
139,1.158333,-0.028002,0.025519,0.009133,-0.026646,0.026322,0.112756,-0.021347,0.025574,0.062784
140,1.166667,-0.027998,0.025515,0.009134,-0.026647,0.026318,0.112762,-0.021347,0.025572,0.062784
141,1.175,-0.027995,0.02552,0.009131,-0.026648,0.02632,0.112759,-0.021347,0.025574,0.06278
142,1.183333,-0.028,0.025523,0.009132,-0.026646,0.026324,0.112761,-0.021348,0.025574,0.062779
143,1.191667,-0.028,0.025518,0.009131,-0.026644,0.026324,0.11276,-0.021343,0.025574,0.062783
144,1.2,-0.028002,0.025519,0.009124,-0.026645,0.026321,0.112764,-0.021344,0.025571,0.062778
145,1.208333,-0.027994,0.02552,0.009129,-0.026645,0.02632,0.112758,-0.021344,0.025576,0.062783
146,1.216667,-0.027997,0.025518,0.009126,-0.026646,0.026324,0.112763,-0.02134,0.025579,0.062784
147,1.225,-0.027998,0.025516,0.009126,-0.026646,0.026321,0.112762,-0.02134,0.02558,0.062781
148,1.233333,-0.027996,0.025517,0.00912,-0.026645,0.026322,0.112763,-0.021339,0.025575,0.062781
149,1.241667,-0.027998,0.025521,0.00912,-0.026647,0.026321,0.112764,-0.021339,0.025579,0.062781
150,1.25,-0.027999,0.025521,0.009123,-0.026641,0.026324,0.112761,-0.021334,0.025574,0.062788
151,1.258333,-0.027994,0.025523,0.009123,-0.026641,0.02632,0.112763,-0.021334,0.025576,0.062783
152,1.266667,-0.028001,0.025525,0.009116,-0.026642,0.026322,0.11277,-0.021337,0.025579,0.062782
153,1.275,-0.027997,0.025521,0.009117,-0.026644,0.026323,0.112772,-0.021336,0.025585,0.062784
154,1.283333,-0.027995,0.025517,0.009118,-0.026644,0.026324,0.112767,-0.021332,0.025577,0.062778
155,1.291667,-0.027996,0.025519,0.009118,-0.026643,0.026326,0.112767,-0.021331,0.025581,0.06278
156,1.3,-0.027997,0.025519,0.009118,-0.026639,0.026324,0.112769,-0.021332,0.025579,0.06278
157,1.308333,-0.027999,0.025519,0.009116,-0.026643,0.026323,0.11277,-0.021329,0.025583,0.062779
158,1.316667,-0.027997,0.025517,0.009116,-0.026643,0.026322,0.112772,-0.021329,0.025579,0.062781
159,1.325,-0.027999,0.025522,0.009113,-0.026643,0.026325,0.112773,-0.021332,0.025582,0.06278
160,1.333333,-0.027996,0.025522,0.009108,-0.026643,0.026324,0.112772,-0.02133,0.025584,0.062782
161,1.341667,-0.027996,0.025515,0.009111,-0.026641,0.026323,0.112772,-0.021331,0.025579,0.06278
162,1.35,-0.027996,0.025523,0.009108,-0.02664,0.026322,0.112778,-0.021328,0.025581,0.062783
163,1.358333,-0.027997,0.025519,0.009113,-0.026642,0.026322,0.112774,-0.021325,0.025587,0.062782
164,1.366667,-0.027998,0.025522,0.00911,-0.02664,0.026323,0.112777,-0.021323,0.025584,0.062781
165,1.375,-0.027994,0.025518,0.009113,-0.026638,0.026323,0.112778,-0.021324,0.025583,0.062782
166,1.383333,-0.027998,0.025521,0.009103,-0.026638,0.026324,0.112781,-0.021325,0.025589,0.062779
167,1.391667,-0.027995,0.025517,0.009107,-0.026639,0.026321,0.11278,-0.021322,0.025585,0.062781
168,1.4,-0.027997,0.02552,0.009105,-0.026641,0.026319,0.11278,-0.021321,0.025589,0.062781
169,1.408333,-0.027997,0.025528,0.009104,-0.026643,0.026323,0.112779,-0.021321,0.025591,0.062784
170,1.416667,-0.027996,0.025518,0.009101,-0.026638,0.026321,0.112782,-0.021319,0.025588,0.062785
171,1.425,-0.028003,0.025521,0.009099,-0.026642,0.026321,0.112781,-0.021319,0.025588,0.062783
172,1.433333,-0.027997,0.02552,0.009099,-0.026636,0.026321,0.112784,-0.021318,0.025589,0.06278
173,1.441667,-0.027996,0.025528,0.009098,-0.02664,0.026321,0.112783,-0.021318,0.025588,0.062779
174,1.45,-0.027995,0.025523,0.009097,-0.026639,0.026323,0.112782,-0.021315,0.025587,0.062781
175,1.458333,-0.027999,0.025522,0.009095,-0.026638,0.026323,0.112786,-0.021314,0.02559,0.062783
176,1.466667,-0.027993,0.025523,0.009096,-0.026637,0.026322,0.112786,-0.021315,0.02559,0.062784
177,1.475,-0.027995,0.025526,0.009093,-0.026637,0.026326,0.112787,-0.021311,0.025591,0.062778
178,1.483333,-0.027997,0.025519,0.009091,-0.026638,0.02632,0.112787,-0.021311,0.025587,0.06278
179,1.491667,-0.027994,0.025518,0.009097,-0.026634,0.026322,0.112787,-0.02131,0.025591,0.062781
180,1.5,-0.027999,0.025523,0.009093,-0.026637,0.026324,0.112788,-0.02131,0.025593,0.062785
181,1.508333,-0.027998,0.025522,0.00909,-0.026639,0.026325,0.112789,-0.021312,0.025589,0.06278
182,1.516667,-0.027998,0.025525,0.009092,-0.02664,0.026326,0.112791,-0.021311,0.025592,0.062778
183,1.525,-0.027999,0.025519,0.009091,-0.02664,0.026322,0.11279,-0.02131,0.025593,0.06278
184,1.533333,-0.028001,0.025523,0.009093,-0.026641,0.026321,0.112794,-0.021309,0.025591,0.062782
185,1.541667,-0.027999,0.025518,0.009088,-0.026638,0.026322,0.112794,-0.021309,0.025591,0.062784
186,1.55,-0.027997,0.025522,0.009084,-0.02664,0.026322,0.112792,-0.021306,0.025592,0.062786
187,1.558333,-0.027995,0.025521,0.009089,-0.026638,0.026326,0.112798,-0.021308,0.025592,0.062785
188,1.566667,-0.027997,0.025528,0.009087,-0.026635,0.026327,0.112797,-0.021303,0.025592,0.062783
189,1.575,-0.027998,0.025526,0.009086,-0.026635,0.026322,0.112796,-0.02131,0.025593,0.06278
190,1.583333,-0.027991,0.025526,0.00909,-0.026635,0.026328,0.112795,-0.021305,0.025599,0.062784
191,1.591667,-0.027997,0.025524,0.009083,-0.026633,0.026326,0.112793,-0.021302,0.025591,0.062781
192,1.6,-0.027998,0.025523,0.009084,-0.026638,0.026323,0.112795,-0.0213,0.025596,0.06278
193,1.608333,-0.027997,0.025528,0.009086,-0.026639,0.02632,0.112795,-0.021299,0.0256,0.062784
194,1.616667,-0.027999,0.025521,0.009083,-0.026638,0.02632,0.112795,-0.0213,0.0256,0.062784
195,1.625,-0.027999,0.025528,0.00908,-0.026639,0.026323,0.112799,-0.021305,0.025599,0.062787
196,1.633333,-0.027999,0.025524,0.009079,-0.026638,0.02632,0.112799,-0.021302,0.0256,0.062784
197,1.641667,-0.027999,0.025522,0.009078,-0.026635,0.026324,0.112801,-0.021299,0.025599,0.062782
198,1.65,-0.027998,0.025523,0.009079,-0.026636,0.026325,0.1128,-0.021297,0.025596,0.06278
199,1.658333,-0.027997,0.025526,0.00908,-0.026635,0.026324,0.112802,-0.021298,0.025604,0.06278
200,1.666667,-0.027997,0.025522,0.009077,-0.026633,0.026323,0.1128,-0.021296,0.025599,0.062781
201,1.675,-0.027997,0.025524,0.009077,-0.026634,0.026324,0.112803,-0.021295,0.0256,0.062785
202,1.683333,-0.027998,0.025523,0.009081,-0.026637,0.026319,0.112801,-0.021294,0.025601,0.062785
203,1.691667,-0.028001,0.025529,0.009074,-0.026634,0.026324,0.112804,-0.021297,0.025596,0.062786
204,1.7,-0.027997,0.025524,0.009076,-0.026634,0.026324,0.112804,-0.021294,0.025602,0.062787
205,1.708333,-0.028,0.025523,0.009074,-0.026636,0.02632,0.112805,-0.021294,0.025602,0.062785
206,1.716667,-0.027998,0.025526,0.009074,-0.026636,0.026323,0.112803,-0.021295,0.0256,0.062783
207,1.725,-0.028001,0.025526,0.009076,-0.026641,0.026319,0.112807,-0.021298,0.025606,0.062788
208,1.733333,-0.028001,0.025527,0.009078,-0.026634,0.026326,0.112805,-0.021296,0.025598,0.062787
209,1.741667,-0.027998,0.025518,0.009081,-0.026636,0.026325,0.112809,-0.021294,0.025599,0.062788
210,1.75,-0.028004,0.025525,0.009075,-0.026632,0.026323,0.112806,-0.021291,0.025606,0.062786
211,1.758333,-0.027995,0.025519,0.00908,-0.026637,0.026326,0.112804,-0.021292,0.025602,0.062788
212,1.766667,-0.027998,0.025525,0.009073,-0.026638,0.026326,0.112808,-0.021291,0.025606,0.062784
213,1.775,-0.028,0.025523,0.009074,-0.026634,0.026324,0.112805,-0.021291,0.025603,0.062785
214,1.783333,-0.027998,0.025526,0.009072,-0.026634,0.026323,0.112807,-0.02129,0.025604,0.062784
215,1.791667,-0.028,0.025525,0.009071,-0.026633,0.026324,0.112807,-0.021288,0.025608,0.062788
216,1.8,-0.027997,0.025523,0.009071,-0.026635,0.026323,0.112803,-0.021291,0.025606,0.062786
217,1.808333,-0.027999,0.025518,0.009075,-0.026634,0.026322,0.112804,-0.02129,0.025605,0.062784
218,1.816667,-0.028,0.025521,0.009079,-0.026638,0.026323,0.112812,-0.021286,0.025606,0.062784
219,1.825,-0.028004,0.025526,0.009069,-0.026638,0.026326,0.112805,-0.021286,0.025607,0.062784
220,1.833333,-0.028003,0.025524,0.009072,-0.026639,0.026324,0.11281,-0.021289,0.025612,0.06279
221,1.841667,-0.028001,0.025528,0.009073,-0.026639,0.026321,0.112811,-0.021288,0.025603,0.062788
222,1.85,-0.028003,0.025527,0.00907,-0.026636,0.026323,0.112809,-0.021288,0.025602,0.062787
223,1.858333,-0.028,0.025529,0.009066,-0.026633,0.026322,0.11281,-0.021287,0.025602,0.062785
224,1.866667,-0.027997,0.025526,0.009072,-0.02663,0.026328,0.11281,-0.021286,0.025607,0.062786
225,1.875,-0.027993,0.025524,0.009075,-0.026635,0.026326,0.112808,-0.021281,0.025605,0.062788
226,1.883333,-0.027998,0.025525,0.00907,-0.026634,0.026321,0.112814,-0.021287,0.025607,0.062784
227,1.891667,-0.028003,0.025522,0.00907,-0.026633,0.026319,0.11281,-0.021286,0.025607,0.062783
228,1.9,-0.028001,0.025528,0.009068,-0.026635,0.026324,0.112805,-0.021284,0.02561,0.062786
229,1.908333,-0.028002,0.02553,0.009069,-0.026633,0.026324,0.112809,-0.021283,0.025609,0.062789
230,1.916667,-0.028001,0.025529,0.009069,-0.026636,0.026322,0.112812,-0.021282,0.025606,0.06279
231,1.925,-0.028003,0.025523,0.009072,-0.026638,0.026322,0.112813,-0.021288,0.025607,0.062789
232,1.933333,-0.028,0.025529,0.009068,-0.026637,0.026322,0.112815,-0.021284,0.02561,0.062789
233,1.941667,-0.028006,0.025525,0.009069,-0.026637,0.026322,0.112813,-0.021285,0.025609,0.062786
234,1.95,-0.028003,0.025526,0.009068,-0.026636,0.026324,0.112814,-0.021283,0.025609,0.062786
235,1.958333,-0.028003,0.025525,0.009067,-0.026634,0.026325,0.112814,-0.021282,0.025608,0.062789
236,1.966667,-0.028003,0.025527,0.009065,-0.026636,0.026321,0.112812,-0.021283,0.025611,0.062788
237,1.975,-0.028001,0.025527,0.009065,-0.026633,0.026326,0.112814,-0.021283,0.025611,0.062784
238,1.983333,-0.027999,0.025526,0.009066,-0.026634,0.026323,0.112812,-0.021281,0.02561,0.062784
239,1.991667,-0.028,0.025527,0.009063,-0.026637,0.026325,0.112811,-0.021278,0.025609,0.062782
240,2,-0.028003,0.025528,0.009062,-0.026632,0.026325,0.112812,-0.021279,0.025609,0.062786
241,2.008333,-0.028003,0.025531,0.00906,-0.02663,0.026326,0.112811,-0.021282,0.025613,0.062787
242,2.016667,-0.028001,0.025528,0.009066,-0.026634,0.026326,0.112811,-0.021281,0.025611,0.062782
243,2.025,-0.028005,0.025529,0.009065,-0.026633,0.026327,0.112817,-0.021282,0.025613,0.06279
244,2.033333,-0.028002,0.025527,0.009064,-0.026636,0.026326,0.112816,-0.02128,0.02561,0.062793
245,2.041667,-0.02801,0.025525,0.009064,-0.026636,0.026324,0.112817,-0.02128,0.025609,0.062789
246,2.05,-0.028003,0.025527,0.009063,-0.026635,0.026324,0.112815,-0.02128,0.025611,0.062789
247,2.058333,-0.028002,0.025525,0.009066,-0.026636,0.02632,0.112819,-0.021275,0.025615,0.062792
248,2.066667,-0.028005,0.025527,0.009067,-0.026633,0.026323,0.112816,-0.021282,0.02561,0.062784
249,2.075,-0.028005,0.025526,0.009061,-0.026633,0.026325,0.112811,-0.021276,0.025611,0.062788
250,2.083333,-0.028006,0.025527,0.009061,-0.026636,0.026328,0.112816,-0.021275,0.025614,0.062783
251,2.091667,-0.028004,0.025531,0.009062,-0.026634,0.026322,0.112814,-0.021276,0.025613,0.062784
252,2.1,-0.028001,0.02553,0.009063,-0.026631,0.026326,0.112816,-0.021275,0.025612,0.062788
253,2.108333,-0.028006,0.025529,0.009062,-0.026632,0.026323,0.112812,-0.021279,0.02561,0.062784
254,2.116667,-0.028006,0.025532,0.009061,-0.026633,0.026322,0.11282,-0.021275,0.025615,0.062784
255,2.125,-0.028007,0.025529,0.009063,-0.026633,0.026325,0.112819,-0.021277,0.025614,0.062786
256,2.133333,-0.028004,0.025522,0.009063,-0.026637,0.026322,0.112816,-0.021276,0.025612,0.062788
257,2.141667,-0.028008,0.025532,0.009061,-0.026636,0.026323,0.11282,-0.021272,0.025615,0.062792
258,2.15,-0.028006,0.025528,0.009063,-0.026636,0.026324,0.112818,-0.021274,0.025614,0.062788
259,2.158333,-0.028004,0.025527,0.00907,-0.026633,0.026325,0.11282,-0.021275,0.025617,0.062787
260,2.166667,-0.028006,0.025526,0.009058,-0.026633,0.026328,0.112816,-0.021273,0.025619,0.062786
261,2.175,-0.028004,0.025529,0.00906,-0.02663,0.026328,0.112818,-0.02127,0.025612,0.062787
262,2.183333,-0.028005,0.025528,0.00906,-0.026632,0.026325,0.112817,-0.021273,0.02561,0.062783
263,2.191667,-0.028007,0.025529,0.00906,-0.026633,0.026322,0.112819,-0.021272,0.025614,0.062785
264,2.2,-0.028007,0.025529,0.009056,-0.026633,0.026323,0.112814,-0.021275,0.025615,0.062783
265,2.208333,-0.028006,0.025531,0.00906,-0.026635,0.026323,0.112823,-0.021273,0.025614,0.062785
266,2.216667,-0.028011,0.025533,0.009059,-0.026633,0.026322,0.112822,-0.021273,0.025613,0.062788
267,2.225,-0.028008,0.025526,0.009061,-0.026633,0.026322,0.112819,-0.021274,0.025612,0.062784
268,2.233333,-0.028009,0.02553,0.009059,-0.026635,0.026323,0.11282,-0.021274,0.02561,0.062783
269,2.241667,-0.02801,0.025528,0.009063,-0.026635,0.026328,0.112821,-0.021276,0.02561,0.062784
270,2.25,-0.028013,0.025529,0.00906,-0.026635,0.026322,0.112817,-0.021275,0.025615,0.062786
271,2.258333,-0.028007,0.025528,0.009062,-0.026635,0.026326,0.112821,-0.02127,0.025615,0.062785
272,2.266667,-0.028008,0.025534,0.009055,-0.026632,0.026325,0.112821,-0.021268,0.025618,0.062785
273,2.275,-0.028007,0.025533,0.009057,-0.026635,0.026321,0.112818,-0.021274,0.025613,0.062787
274,2.283333,-0.028009,0.025531,0.009057,-0.026634,0.026325,0.112818,-0.02127,0.025612,0.062785
275,2.291667,-0.02801,0.025535,0.009052,-0.026634,0.026324,0.11282,-0.021271,0.025617,0.062786
276,2.3,-0.028007,0.025529,0.009056,-0.026632,0.026325,0.112818,-0.021268,0.025619,0.062784
277,2.308333,-0.02801,0.025526,0.009059,-0.026628,0.026322,0.112816,-0.021271,0.025613,0.062785
278,2.316667,-0.028012,0.025528,0.00906,-0.026638,0.026321,0.112818,-0.02127,0.025621,0.062787
279,2.325,-0.028014,0.025528,0.009059,-0.026633,0.026324,0.112822,-0.021269,0.025614,0.062787
280,2.333333,-0.028016,0.025529,0.009058,-0.026634,0.026327,0.11282,-0.02127,0.025619,0.062783
281,2.341667,-0.028014,0.025532,0.009056,-0.026634,0.026328,0.112819,-0.021272,0.025619,0.062786
282,2.35,-0.028014,0.025529,0.009059,-0.026634,0.026324,0.112819,-0.021273,0.025613,0.062787
283,2.358333,-0.028013,0.025529,0.009059,-0.026634,0.026323,0.112819,-0.021274,0.025612,0.062788
284,2.366667,-0.028015,0.025529,0.009057,-0.026634,0.026325,0.112818,-0.021272,0.025617,0.062786
285,2.375,-0.028014,0.02553,0.00906,-0.026632,0.026325,0.112815,-0.02127,0.025614,0.062786
286,2.383333,-0.028016,0.025534,0.009053,-0.02663,0.026323,0.112819,-0.021268,0.025618,0.062788
287,2.391667,-0.028017,0.025527,0.009057,-0.026634,0.026326,0.112815,-0.021268,0.025619,0.062782
288,2.4,-0.028013,0.025526,0.009059,-0.026631,0.026325,0.11282,-0.02127,0.025621,0.062785
289,2.408333,-0.028018,0.025528,0.009056,-0.026631,0.026321,0.112822,-0.021272,0.025614,0.062783
290,2.416667,-0.028018,0.025526,0.009057,-0.026634,0.026324,0.112821,-0.021269,0.025611,0.062783
291,2.425,-0.02802,0.025532,0.009057,-0.026634,0.026324,0.112817,-0.021267,0.025615,0.062788
292,2.433333,-0.028022,0.02553,0.00906,-0.026634,0.026323,0.112821,-0.021269,0.025614,0.062785
293,2.441667,-0.028016,0.025527,0.009056,-0.026631,0.026322,0.112818,-0.021268,0.025613,0.062781
294,2.45,-0.02802,0.025526,0.00906,-0.026631,0.026323,0.11282,-0.021273,0.025614,0.062783
295,2.458333,-0.028023,0.025528,0.009056,-0.026628,0.026324,0.112817,-0.02127,0.025612,0.062785
296,2.466667,-0.02802,0.025527,0.009058,-0.02663,0.02632,0.112816,-0.021273,0.025613,0.062786
297,2.475,-0.028023,0.02553,0.009059,-0.026633,0.026324,0.112818,-0.021269,0.025612,0.062781
298,2.483333,-0.028022,0.025528,0.009058,-0.026631,0.026328,0.112815,-0.021268,0.025613,0.062778
299,2.491667,-0.02803,0.025525,0.009056,-0.026635,0.026325,0.11282,-0.021273,0.025614,0.062784
300,2.5,-0.028032,0.025529,0.009056,-0.026635,0.026323,0.112816,-0.021269,0.025617,0.062782
301,2.508333,-0.028036,0.025525,0.009058,-0.026632,0.026328,0.112813,-0.021271,0.025614,0.062784
302,2.516667,-0.028042,0.025524,0.009056,-0.026633,0.026325,0.112815,-0.021268,0.02561,0.06278
303,2.525,-0.028044,0.025525,0.009058,-0.026637,0.026328,0.112817,-0.021271,0.02561,0.062781
304,2.533333,-0.02805,0.025522,0.009057,-0.026637,0.026322,0.112816,-0.021271,0.025613,0.062779
305,2.541667,-0.028051,0.025524,0.009057,-0.026636,0.026328,0.112815,-0.021272,0.025616,0.062782
306,2.55,-0.028057,0.025524,0.009057,-0.026636,0.026326,0.112814,-0.02127,0.025612,0.06278
307,2.558333,-0.028061,0.02552,0.009056,-0.026637,0.026328,0.112812,-0.021273,0.025614,0.062778
308,2.566667,-0.028063,0.025522,0.009056,-0.026636,0.026323,0.112812,-0.021272,0.025616,0.062779
309,2.575,-0.02807,0.025519,0.009055,-0.026637,0.026324,0.112816,-0.021277,0.025615,0.06278
310,2.583333,-0.02807,0.025526,0.009053,-0.026635,0.026329,0.112809,-0.021278,0.025615,0.062779
311,2.591667,-0.028074,0.025521,0.009056,-0.026636,0.026327,0.112813,-0.021279,0.025616,0.062776
312,2.6,-0.028082,0.025519,0.00905,-0.026641,0.026322,0.112812,-0.021275,0.025612,0.062778
313,2.608333,-0.028087,0.025519,0.009051,-0.026638,0.026325,0.112812,-0.021279,0.02561,0.062774
314,2.616667,-0.028092,0.025518,0.009053,-0.026638,0.026325,0.112811,-0.02128,0.025615,0.062777
315,2.625,-0.028095,0.025519,0.009054,-0.026641,0.026327,0.112808,-0.021278,0.025609,0.062774
316,2.633333,-0.028098,0.025521,0.009052,-0.026641,0.026326,0.112811,-0.021278,0.025612,0.062772
317,2.641667,-0.028104,0.025515,0.009055,-0.026639,0.026328,0.11281,-0.021279,0.025611,0.062773
318,2.65,-0.028109,0.025518,0.009053,-0.026639,0.026326,0.112806,-0.021282,0.02561,0.062771
319,2.658333,-0.028114,0.025515,0.009048,-0.026639,0.026327,0.112807,-0.021285,0.025608,0.062768
320,2.666667,-0.028116,0.025513,0.009052,-0.026641,0.026329,0.112807,-0.021285,0.025606,0.06277
321,2.675,-0.028118,0.025515,0.009051,-0.026643,0.026327,0.112808,-0.021286,0.025608,0.062768
322,2.683333,-0.028122,0.025514,0.009049,-0.026642,0.026327,0.112805,-0.021283,0.025612,0.062766
323,2.691667,-0.028125,0.02551,0.009049,-0.026645,0.026324,0.112804,-0.021283,0.025606,0.062769
324,2.7,-0.02813,0.025513,0.00905,-0.026645,0.026328,0.112808,-0.021285,0.025615,0.062767
325,2.708333,-0.028136,0.025513,0.009051,-0.026646,0.026325,0.112807,-0.021287,0.025613,0.062765
326,2.716667,-0.028137,0.025514,0.00905,-0.026644,0.026324,0.112811,-0.02129,0.025612,0.062764
327,2.725,-0.028141,0.025515,0.009051,-0.026646,0.026328,0.112804,-0.021293,0.025611,0.062764
328,2.733333,-0.028146,0.025513,0.009049,-0.026647,0.02633,0.112802,-0.021294,0.025609,0.062762
329,2.741667,-0.028146,0.025508,0.009052,-0.026646,0.026327,0.112806,-0.021291,0.025612,0.062764
330,2.75,-0.028152,0.02551,0.00905,-0.026646,0.026326,0.112804,-0.021286,0.025608,0.062763
331,2.758333,-0.028156,0.025509,0.009048,-0.026648,0.02633,0.112801,-0.021293,0.025609,0.062762
332,2.766667,-0.028159,0.025498,0.009048,-0.026646,0.026325,0.112801,-0.021286,0.025614,0.06276
333,2.775,-0.028169,0.025505,0.009039,-0.026648,0.026328,0.112797,-0.021291,0.025611,0.06276
334,2.783333,-0.028172,0.025502,0.009043,-0.026649,0.026329,0.1128,-0.021297,0.025614,0.062761
335,2.791667,-0.028178,0.025497,0.009045,-0.026652,0.026326,0.112797,-0.021297,0.025613,0.06276
336,2.8,-0.028183,0.025492,0.009041,-0.026657,0.026331,0.112797,-0.0213,0.025609,0.062759
337,2.808333,-0.028178,0.025501,0.00904,-0.026656,0.026328,0.112799,-0.021302,0.025611,0.062762
338,2.816667,-0.028177,0.0255,0.009043,-0.026658,0.026328,0.112796,-0.021302,0.025612,0.06276
339,2.825,-0.028176,0.025501,0.009047,-0.026657,0.026328,0.112798,-0.0213,0.02561,0.062761
340,2.833333,-0.02818,0.0255,0.009043,-0.026659,0.026331,0.112797,-0.021303,0.025611,0.062758
341,2.841667,-0.028183,0.02549,0.009041,-0.026657,0.026325,0.112798,-0.021303,0.025609,0.06276
342,2.85,-0.028178,0.0255,0.009045,-0.026662,0.026328,0.112797,-0.021301,0.025611,0.062759
343,2.858333,-0.028176,0.025499,0.009042,-0.026655,0.026328,0.112798,-0.021301,0.025608,0.062758
344,2.866667,-0.028183,0.025488,0.009042,-0.026655,0.026333,0.112794,-0.021301,0.025612,0.06276
345,2.875,-0.02818,0.025493,0.009043,-0.026651,0.026326,0.112799,-0.021297,0.025608,0.062756
346,2.883333,-0.028174,0.025498,0.009046,-0.026653,0.02633,0.112794,-0.021299,0.025612,0.062758
347,2.891667,-0.028182,0.025493,0.009041,-0.026653,0.026327,0.112796,-0.0213,0.025609,0.062762
348,2.9,-0.028179,0.0255,0.009043,-0.026653,0.02633,0.112797,-0.021298,0.025609,0.062756
349,2.908333,-0.028176,0.025499,0.009047,-0.026652,0.026326,0.112798,-0.021301,0.025607,0.062762
350,2.916667,-0.028183,0.025493,0.009043,-0.026658,0.02633,0.112799,-0.021295,0.025606,0.062762
351,2.925,-0.028185,0.025492,0.009045,-0.026654,0.026327,0.112795,-0.0213,0.025606,0.062758
352,2.933333,-0.028184,0.02549,0.009045,-0.026655,0.026328,0.112794,-0.0213,0.025611,0.062761
353,2.941667,-0.028178,0.025499,0.009045,-0.026657,0.026332,0.112796,-0.021302,0.025613,0.062759
354,2.95,-0.028184,0.025491,0.009045,-0.026659,0.026329,0.112796,-0.021302,0.025607,0.062758
355,2.958333,-0.028179,0.025503,0.009044,-0.026658,0.026327,0.112793,-0.021301,0.025609,0.062754
356,2.966667,-0.028178,0.025502,0.009042,-0.02666,0.02633,0.112794,-0.021302,0.025611,0.062756
357,2.975,-0.028183,0.025501,0.009044,-0.02666,0.026332,0.112793,-0.021299,0.025609,0.06276
358,2.983333,-0.028182,0.025496,0.009038,-0.026658,0.026328,0.112794,-0.021305,0.025605,0.062759
359,2.991667,-0.028179,0.025499,0.009044,-0.026656,0.02633,0.112792,-0.0213,0.025607,0.062759
360,3,-0.02818,0.025498,0.009045,-0.026658,0.026325,0.112793,-0.0213,0.02561,0.062762
361,3.008333,-0.028184,0.025494,0.009045,-0.026652,0.026333,0.112795,-0.021303,0.025605,0.06276
362,3.016667,-0.028181,0.025497,0.00905,-0.026653,0.026332,0.112795,-0.021299,0.025608,0.06276
363,3.025,-0.028178,0.025498,0.009048,-0.026655,0.026329,0.112792,-0.021299,0.025605,0.062761
364,3.033333,-0.02818,0.025498,0.009045,-0.026651,0.026331,0.112792,-0.021304,0.025611,0.062758
365,3.041667,-0.02818,0.025497,0.009043,-0.026656,0.026328,0.112793,-0.021299,0.025606,0.06276
366,3.05,-0.028181,0.025502,0.009041,-0.026656,0.026332,0.112792,-0.021298,0.025612,0.062763
367,3.058333,-0.028185,0.025488,0.009043,-0.026656,0.026326,0.112791,-0.021304,0.025608,0.062762
368,3.066667,-0.028186,0.025492,0.009043,-0.026657,0.026327,0.112794,-0.021301,0.025609,0.062755
369,3.075,-0.028177,0.025498,0.009046,-0.026658,0.026331,0.112794,-0.021305,0.025608,0.062759
370,3.083333,-0.028188,0.025493,0.009045,-0.02666,0.026327,0.112792,-0.021304,0.025609,0.062755
371,3.091667,-0.028182,0.025498,0.009045,-0.026658,0.02633,0.112791,-0.021304,0.025605,0.062759
372,3.1,-0.028186,0.025491,0.009045,-0.026657,0.026325,0.112793,-0.021305,0.025612,0.062755
373,3.108333,-0.028177,0.0255,0.009045,-0.026655,0.026327,0.112793,-0.021305,0.025603,0.06276
374,3.116667,-0.02818,0.025502,0.009044,-0.026661,0.026331,0.112796,-0.021306,0.025608,0.062755
375,3.125,-0.02819,0.02549,0.009047,-0.026657,0.026325,0.112794,-0.021305,0.025605,0.06276
376,3.133333,-0.028188,0.02549,0.009044,-0.026656,0.026326,0.112793,-0.021301,0.025603,0.062754
377,3.141667,-0.028186,0.025491,0.009044,-0.026659,0.026329,0.112794,-0.021304,0.025605,0.062759
378,3.15,-0.02819,0.025488,0.009045,-0.026656,0.026331,0.112792,-0.021302,0.025599,0.062761
379,3.158333,-0.028182,0.025498,0.009047,-0.026657,0.02633,0.112791,-0.021307,0.025606,0.06276
380,3.166667,-0.028181,0.025496,0.009046,-0.026658,0.026326,0.112791,-0.021302,0.025608,0.062759
381,3.175,-0.028189,0.025488,0.009045,-0.026659,0.02633,0.112794,-0.021304,0.025612,0.062755
382,3.183333,-0.028179,0.025498,0.009047,-0.026658,0.026328,0.112788,-0.021302,0.02561,0.062755
383,3.191667,-0.028188,0.025495,0.009043,-0.026658,0.02633,0.11279,-0.021306,0.025608,0.062758
384,3.2,-0.028182,0.025498,0.009046,-0.026657,0.026325,0.112789,-0.021306,0.025601,0.062759
385,3.208333,-0.02818,0.0255,0.00905,-0.026655,0.026328,0.112791,-0.021306,0.025603,0.062756
386,3.216667,-0.028189,0.025491,0.009046,-0.02666,0.026326,0.11279,-0.021306,0.025606,0.062758
387,3.225,-0.028184,0.025495,0.009046,-0.026657,0.026324,0.112792,-0.021307,0.025604,0.062756
388,3.233333,-0.028191,0.025492,0.009044,-0.026659,0.02633,0.112791,-0.021304,0.025606,0.062756
389,3.241667,-0.02818,0.025494,0.009048,-0.026656,0.026329,0.112787,-0.021304,0.025604,0.062756
390,3.25,-0.028184,0.025499,0.009044,-0.02666,0.026331,0.112789,-0.021303,0.02561,0.062759
391,3.258333,-0.028182,0.025503,0.009046,-0.026658,0.026327,0.112789,-0.021302,0.025605,0.062756
392,3.266667,-0.028182,0.0255,0.009044,-0.026659,0.026326,0.112787,-0.021306,0.025612,0.062756
393,3.275,-0.02819,0.02549,0.009048,-0.026657,0.02633,0.11279,-0.021302,0.025607,0.062754
394,3.283333,-0.028188,0.025487,0.009043,-0.026655,0.026328,0.112791,-0.021305,0.025607,0.062758
395,3.291667,-0.02819,0.025491,0.009047,-0.026659,0.026331,0.112792,-0.021307,0.025606,0.062757
396,3.3,-0.028193,0.025488,0.009046,-0.026659,0.02633,0.112789,-0.021306,0.025605,0.062759
397,3.308333,-0.028186,0.025498,0.009048,-0.026658,0.026331,0.11279,-0.021306,0.02561,0.062755
398,3.316667,-0.028186,0.0255,0.009045,-0.026659,0.026327,0.112789,-0.021308,0.025605,0.062754
399,3.325,-0.028184,0.0255,0.00905,-0.026656,0.02633,0.112791,-0.021307,0.025601,0.062758
400,3.333333,-0.028182,0.025499,0.009045,-0.02666,0.026326,0.112791,-0.021306,0.025609,0.062757
401,3.341667,-0.028187,0.025502,0.009048,-0.026658,0.026329,0.11279,-0.021308,0.02561,0.062757
402,3.35,-0.028183,0.025498,0.009046,-0.026662,0.026323,0.112788,-0.021305,0.025606,0.062756
403,3.358333,-0.028183,0.025503,0.009048,-0.02666,0.02633,0.11279,-0.021306,0.025612,0.062759
404,3.366667,-0.028187,0.025499,0.009044,-0.02666,0.026324,0.112791,-0.021307,0.025604,0.062757
405,3.375,-0.028186,0.025496,0.009048,-0.026661,0.026328,0.112792,-0.021309,0.025603,0.062756
406,3.383333,-0.028183,0.025496,0.009048,-0.026659,0.026327,0.11279,-0.021305,0.025606,0.062755
407,3.391667,-0.02819,0.02549,0.009049,-0.026658,0.026328,0.11279,-0.021311,0.025603,0.06276
408,3.4,-0.028184,0.025496,0.009049,-0.026658,0.026328,0.11279,-0.021311,0.025606,0.062759
409,3.408333,-0.028184,0.025497,0.009047,-0.026662,0.026329,0.11279,-0.021308,0.025606,0.062758
410,3.416667,-0.028183,0.025496,0.009049,-0.026659,0.026328,0.112788,-0.021309,0.025606,0.062758
411,3.425,-0.028183,0.025496,0.009048,-0.026661,0.026327,0.112787,-0.021308,0.025607,0.062754
412,3.433333,-0.028187,0.025492,0.009046,-0.02666,0.026328,0.11279,-0.021306,0.025605,0.062761
413,3.441667,-0.028184,0.025496,0.009047,-0.026655,0.02633,0.112789,-0.021309,0.025605,0.062757
414,3.45,-0.028182,0.025495,0.009049,-0.02666,0.026326,0.11279,-0.021307,0.025603,0.062755
415,3.458333,-0.02819,0.025491,0.009046,-0.02666,0.02633,0.112787,-0.021308,0.025604,0.062757
416,3.466667,-0.028184,0.025501,0.009047,-0.026656,0.02633,0.112789,-0.021306,0.025606,0.062756
417,3.475,-0.028189,0.025491,0.009046,-0.026663,0.026329,0.112789,-0.021306,0.025605,0.062759
418,3.483333,-0.028192,0.025489,0.009046,-0.02666,0.026327,0.112789,-0.021309,0.025607,0.062756
419,3.491667,-0.028186,0.025497,0.009048,-0.02666,0.026333,0.11279,-0.021309,0.025607,0.062761
420,3.5,-0.02819,0.025486,0.009049,-0.026659,0.026331,0.112787,-0.02131,0.025606,0.062755
421,3.508333,-0.028185,0.025502,0.009053,-0.026659,0.026327,0.112788,-0.021309,0.025603,0.06276
422,3.516667,-0.028187,0.025499,0.009048,-0.026658,0.02633,0.112786,-0.02131,0.025603,0.06276
423,3.525,-0.028193,0.025487,0.00905,-0.02666,0.026329,0.112784,-0.021311,0.025604,0.062762
424,3.533333,-0.028191,0.02549,0.009048,-0.026659,0.026331,0.11279,-0.021312,0.025602,0.062757
425,3.541667,-0.02819,0.025489,0.009045,-0.026659,0.026328,0.112792,-0.021309,0.025604,0.062757
426,3.55,-0.02819,0.025488,0.009049,-0.026663,0.026328,0.112785,-0.021309,0.025602,0.062756
427,3.558333,-0.02819,0.025488,0.009048,-0.02666,0.026329,0.11279,-0.021306,0.025601,0.062756
428,3.566667,-0.028186,0.025493,0.009047,-0.026658,0.02633,0.112789,-0.021308,0.025602,0.062754
429,3.575,-0.028184,0.025494,0.009051,-0.026661,0.026329,0.112784,-0.02131,0.025612,0.062756
430,3.583333,-0.028185,0.025496,0.00905,-0.026658,0.026325,0.11279,-0.021307,0.025603,0.062755
431,3.591667,-0.028192,0.025492,0.009046,-0.02666,0.026331,0.112789,-0.021311,0.025602,0.06276
432,3.6,-0.028184,0.025497,0.009048,-0.026658,0.026326,0.112788,-0.021309,0.025602,0.062757
433,3.608333,-0.028186,0.025494,0.009051,-0.026657,0.026324,0.112787,-0.021306,0.025599,0.06276
434,3.616667,-0.028185,0.025495,0.00905,-0.026661,0.026327,0.112787,-0.02131,0.025603,0.062757
435,3.625,-0.028185,0.025493,0.00905,-0.026659,0.026329,0.112787,-0.021314,0.025601,0.062759
436,3.633333,-0.028185,0.025495,0.009051,-0.026661,0.02633,0.112786,-0.021312,0.025607,0.062758
437,3.641667,-0.028187,0.025497,0.00905,-0.02666,0.026333,0.112785,-0.02131,0.025604,0.062754
438,3.65,-0.028185,0.025493,0.009052,-0.026662,0.026327,0.112783,-0.021311,0.025607,0.062755
439,3.658333,-0.028193,0.025491,0.009049,-0.026664,0.02633,0.112786,-0.02131,0.025607,0.062756
440,3.666667,-0.028193,0.025489,0.009048,-0.026661,0.026326,0.112785,-0.021312,0.025599,0.062755
441,3.675,-0.028187,0.0255,0.009054,-0.026663,0.02633,0.112784,-0.021315,0.025603,0.062755
442,3.683333,-0.028186,0.025496,0.009054,-0.026661,0.026323,0.112783,-0.021315,0.025603,0.062755
443,3.691667,-0.028186,0.025499,0.009054,-0.026664,0.026325,0.112783,-0.021314,0.025601,0.06276
444,3.7,-0.028193,0.025492,0.009054,-0.02666,0.026327,0.112786,-0.021318,0.025598,0.062759
445,3.708333,-0.028183,0.025497,0.009052,-0.026662,0.026326,0.112785,-0.021316,0.0256,0.062757
446,3.716667,-0.028188,0.025495,0.009052,-0.026662,0.026328,0.112786,-0.021312,0.025598,0.062758
447,3.725,-0.028185,0.025494,0.009052,-0.02666,0.026329,0.112781,-0.021313,0.025603,0.062753
448,3.733333,-0.028183,0.025495,0.009055,-0.02666,0.026325,0.112783,-0.021314,0.025603,0.062758
449,3.741667,-0.028191,0.025488,0.009055,-0.02666,0.026328,0.112782,-0.021315,0.0256,0.062756
450,3.75,-0.028184,0.025495,0.009056,-0.026663,0.026329,0.112784,-0.021314,0.025603,0.062756
451,3.758333,-0.028185,0.0255,0.009054,-0.026663,0.026328,0.112781,-0.021321,0.025601,0.062755
452,3.766667,-0.028185,0.025495,0.009057,-0.026661,0.02633,0.112784,-0.021313,0.025604,0.062757
453,3.775,-0.028185,0.025494,0.009056,-0.026659,0.026332,0.112779,-0.021317,0.025598,0.062755
454,3.783333,-0.028188,0.025497,0.009056,-0.026665,0.02633,0.112777,-0.021317,0.0256,0.062755
455,3.791667,-0.028191,0.025491,0.009055,-0.026662,0.026325,0.112782,-0.021315,0.025599,0.062756
456,3.8,-0.028187,0.025499,0.009059,-0.026666,0.026325,0.112782,-0.021317,0.025602,0.062757
457,3.808333,-0.028188,0.025496,0.009058,-0.026665,0.026323,0.112784,-0.02132,0.025597,0.06276
458,3.816667,-0.028185,0.025498,0.009058,-0.026663,0.026329,0.112783,-0.021313,0.025602,0.062756
459,3.825,-0.028189,0.025494,0.009063,-0.026658,0.026325,0.11278,-0.021316,0.025599,0.062758
460,3.833333,-0.028187,0.025495,0.009061,-0.026666,0.026327,0.112778,-0.021319,0.025599,0.062756
461,3.841667,-0.028184,0.025499,0.009055,-0.026661,0.026328,0.11278,-0.021318,0.025601,0.062757
462,3.85,-0.028185,0.025496,0.009057,-0.02666,0.026329,0.112781,-0.021317,0.025594,0.062752
463,3.858333,-0.028186,0.025499,0.009058,-0.026664,0.026326,0.112781,-0.021317,0.025601,0.062755
464,3.866667,-0.028182,0.025497,0.009059,-0.026661,0.026328,0.112779,-0.021322,0.025599,0.062753
465,3.875,-0.028185,0.025495,0.009057,-0.026663,0.026329,0.112782,-0.021317,0.025597,0.062756
466,3.883333,-0.028184,0.025498,0.009064,-0.026664,0.026326,0.112778,-0.021321,0.025595,0.062756
467,3.891667,-0.028192,0.025492,0.009057,-0.026662,0.026325,0.112778,-0.021319,0.025597,0.062755
468,3.9,-0.028187,0.025494,0.009059,-0.026664,0.026328,0.112782,-0.02132,0.025599,0.062758
469,3.908333,-0.028191,0.025491,0.009058,-0.026666,0.02633,0.112782,-0.021323,0.025601,0.062753
470,3.916667,-0.028186,0.025493,0.009062,-0.026663,0.026328,0.112783,-0.02132,0.025599,0.062757
471,3.925,-0.028184,0.025498,0.009061,-0.026665,0.026328,0.112778,-0.021324,0.025596,0.062758
472,3.933333,-0.028189,0.025495,0.009059,-0.026661,0.026332,0.112778,-0.021319,0.025603,0.062754
473,3.941667,-0.028185,0.025496,0.009063,-0.026664,0.026331,0.112778,-0.02132,0.025597,0.062753
474,3.95,-0.028187,0.025498,0.009062,-0.026663,0.026325,0.112777,-0.021322,0.025596,0.062754
475,3.958333,-0.028187,0.025495,0.009065,-0.026662,0.026329,0.112775,-0.021324,0.025595,0.062753
476,3.966667,-0.028189,0.025494,0.009062,-0.026661,0.026329,0.112774,-0.02132,0.0256,0.062757
477,3.975,-0.028192,0.025489,0.009057,-0.026661,0.026329,0.112777,-0.021322,0.025597,0.062757
478,3.983333,-0.028192,0.025492,0.00906,-0.026664,0.026326,0.112777,-0.021323,0.025598,0.062754
479,3.991667,-0.028193,0.025485,0.00906,-0.026662,0.026333,0.112776,-0.021323,0.025593,0.062756
480,4,-0.028186,0.025495,0.009062,-0.026662,0.026325,0.112777,-0.021326,0.025598,0.062756
481,4.008333,-0.028194,0.025486,0.009062,-0.026661,0.026323,0.112777,-0.021325,0.025598,0.062751
482,4.016667,-0.028187,0.025492,0.009061,-0.026664,0.026325,0.112777,-0.021326,0.025598,0.062755
483,4.025,-0.028192,0.025487,0.009062,-0.026662,0.026329,0.112782,-0.021322,0.025592,0.062757
484,4.033333,-0.028194,0.025488,0.009066,-0.026668,0.026328,0.112778,-0.021323,0.025594,0.062756
485,4.041667,-0.028188,0.025492,0.009065,-0.026662,0.026327,0.112776,-0.021321,0.025593,0.062754
486,4.05,-0.028194,0.025489,0.009063,-0.026664,0.026329,0.112771,-0.021323,0.025595,0.062752
487,4.058333,-0.028185,0.025494,0.009063,-0.026664,0.026327,0.112776,-0.021323,0.025602,0.062758
488,4.066667,-0.028191,0.025487,0.009062,-0.026663,0.026327,0.112775,-0.021321,0.025597,0.062752
489,4.075,-0.028187,0.025498,0.009064,-0.026663,0.026329,0.112774,-0.021321,0.025594,0.062755
490,4.083333,-0.028183,0.025498,0.009063,-0.026665,0.026328,0.112776,-0.021325,0.025597,0.062757
491,4.091667,-0.02819,0.025494,0.009068,-0.026664,0.026328,0.112776,-0.021325,0.025593,0.062756
492,4.1,-0.028192,0.025488,0.009063,-0.026666,0.026334,0.112776,-0.021328,0.025592,0.062757
493,4.108333,-0.028189,0.025494,0.009065,-0.026666,0.026323,0.112775,-0.021328,0.025592,0.062756
494,4.116667,-0.028193,0.02549,0.009068,-0.026664,0.026327,0.112774,-0.021325,0.025593,0.062757
495,4.125,-0.028185,0.025494,0.009065,-0.026665,0.026332,0.112775,-0.021324,0.025589,0.062757
496,4.133333,-0.028188,0.025494,0.009064,-0.026663,0.026329,0.112775,-0.021325,0.025592,0.062754
497,4.141667,-0.028186,0.025496,0.009068,-0.026663,0.026329,0.112776,-0.021326,0.025594,0.062759
498,4.15,-0.028183,0.025494,0.009064,-0.026661,0.026327,0.112772,-0.021326,0.025597,0.062753
499,4.158333,-0.02819,0.025491,0.009063,-0.026661,0.026326,0.112777,-0.021323,0.025598,0.062757
500,4.166667,-0.028187,0.025495,0.009066,-0.026664,0.026328,0.112774,-0.021326,0.025594,0.062756
501,4.175,-0.02819,0.025497,0.009069,-0.026665,0.026321,0.112776,-0.021323,0.025594,0.062755
502,4.183333,-0.028192,0.025489,0.009064,-0.026666,0.026325,0.112777,-0.021328,0.025592,0.062757
503,4.191667,-0.028189,0.025491,0.009065,-0.026666,0.026328,0.112773,-0.021322,0.025597,0.062758
504,4.2,-0.028187,0.025499,0.009064,-0.026665,0.02633,0.112778,-0.021323,0.025596,0.062754
505,4.208333,-0.028191,0.02549,0.009062,-0.026664,0.026327,0.112772,-0.021328,0.02559,0.062752
506,4.216667,-0.028186,0.025496,0.009066,-0.026666,0.026331,0.112775,-0.021325,0.025592,0.062755
507,4.225,-0.028189,0.025489,0.009065,-0.026662,0.026327,0.112776,-0.021328,0.025592,0.062757
508,4.233333,-0.028187,0.025498,0.009067,-0.026664,0.026327,0.112777,-0.021325,0.025595,0.062754
509,4.241667,-0.028193,0.025488,0.009067,-0.026663,0.026331,0.112776,-0.021326,0.025591,0.062757
510,4.25,-0.028192,0.025486,0.009067,-0.026663,0.026329,0.112776,-0.021324,0.025592,0.062758
511,4.258333,-0.028191,0.025485,0.009064,-0.026661,0.026325,0.112776,-0.021326,0.025596,0.062755
512,4.266667,-0.028194,0.025486,0.009062,-0.026661,0.026331,0.112773,-0.021325,0.025594,0.062756
513,4.275,-0.028188,0.025497,0.009065,-0.026663,0.026327,0.112778,-0.021322,0.025593,0.062754
514,4.283333,-0.028192,0.025489,0.009064,-0.026663,0.02633,0.112772,-0.021324,0.025596,0.062757
515,4.291667,-0.028192,0.025491,0.009064,-0.026664,0.026329,0.112773,-0.021323,0.025595,0.062755
516,4.3,-0.028193,0.025487,0.009066,-0.026664,0.02633,0.112774,-0.021324,0.025597,0.062752
517,4.308333,-0.028195,0.025488,0.009063,-0.026665,0.026333,0.112772,-0.021329,0.025593,0.062751
518,4.316667,-0.028197,0.025484,0.009064,-0.026668,0.02633,0.112774,-0.02133,0.025592,0.062753
519,4.325,-0.028195,0.025489,0.009063,-0.026662,0.026328,0.112775,-0.021324,0.025594,0.062754
520,4.333333,-0.028188,0.025491,0.009066,-0.026663,0.02633,0.112774,-0.021327,0.025593,0.062753
521,4.341667,-0.028187,0.025492,0.009065,-0.026663,0.026327,0.112774,-0.021325,0.025594,0.062757
522,4.35,-0.028186,0.0255,0.009065,-0.026664,0.026329,0.112777,-0.021327,0.025595,0.062757
523,4.358333,-0.028187,0.025492,0.009063,-0.02666,0.026328,0.112772,-0.021325,0.025593,0.062756
524,4.366667,-0.028187,0.025496,0.009062,-0.026663,0.02633,0.112775,-0.021329,0.025598,0.062753
525,4.375,-0.028191,0.025487,0.00906,-0.026659,0.026327,0.112775,-0.021324,0.025594,0.062752
526,4.383333,-0.028192,0.025488,0.009061,-0.026662,0.026329,0.112775,-0.021328,0.025589,0.062751
527,4.391667,-0.028196,0.025488,0.00906,-0.026664,0.026326,0.112772,-0.021326,0.025592,0.062756
528,4.4,-0.028187,0.025494,0.009063,-0.026667,0.026324,0.112771,-0.021326,0.02559,0.062752
529,4.408333,-0.028194,0.02549,0.009062,-0.026665,0.026324,0.112771,-0.021328,0.025593,0.062753
530,4.416667,-0.028187,0.025495,0.00906,-0.026665,0.026333,0.11277,-0.021324,0.025594,0.062754
531,4.425,-0.028188,0.025493,0.009066,-0.026665,0.026325,0.112773,-0.021324,0.025592,0.062754
532,4.433333,-0.028187,0.025496,0.009062,-0.026663,0.026326,0.112775,-0.021324,0.025594,0.062753
533,4.441667,-0.028188,0.025495,0.009064,-0.026665,0.02633,0.112775,-0.021323,0.025593,0.062756
534,4.45,-0.028194,0.025482,0.009059,-0.026664,0.026327,0.112773,-0.021326,0.025595,0.062758
535,4.458333,-0.02818,0.025496,0.009065,-0.026661,0.02633,0.112776,-0.021328,0.025593,0.062758
536,4.466667,-0.028192,0.025487,0.009065,-0.026665,0.026326,0.112773,-0.021323,0.025591,0.062753
537,4.475,-0.028186,0.025499,0.009062,-0.02666,0.026326,0.112773,-0.021323,0.025593,0.062756
538,4.483333,-0.028193,0.025489,0.009063,-0.026661,0.026329,0.112774,-0.021323,0.025592,0.062754
539,4.491667,-0.028192,0.025482,0.009059,-0.026665,0.026328,0.112775,-0.021325,0.025592,0.062754
540,4.5,-0.028186,0.025496,0.009066,-0.026666,0.026325,0.112775,-0.021324,0.025593,0.062755
541,4.508333,-0.028191,0.025487,0.009061,-0.026664,0.026327,0.112771,-0.021323,0.025596,0.062754
542,4.516667,-0.028192,0.025486,0.009064,-0.026662,0.026328,0.112775,-0.021323,0.02559,0.062755
543,4.525,-0.028191,0.02549,0.009064,-0.026665,0.026327,0.112775,-0.021329,0.025594,0.062755
544,4.533333,-0.028182,0.025496,0.009065,-0.026659,0.026329,0.112775,-0.021325,0.025593,0.062753
545,4.541667,-0.028187,0.025495,0.009065,-0.026659,0.026326,0.112773,-0.021328,0.025593,0.062756
546,4.55,-0.02819,0.025492,0.009064,-0.026661,0.026328,0.112773,-0.021326,0.025592,0.062756
547,4.558333,-0.028189,0.025495,0.009062,-0.02666,0.026329,0.112777,-0.021326,0.025595,0.06276
548,4.566667,-0.028183,0.025495,0.009065,-0.026663,0.026329,0.112774,-0.021326,0.02559,0.062754
549,4.575,-0.028191,0.025489,0.009062,-0.026661,0.026326,0.11277,-0.021321,0.025597,0.062754
550,4.583333,-0.028187,0.025495,0.009062,-0.026662,0.026329,0.112772,-0.021327,0.02559,0.062755
551,4.591667,-0.028195,0.025488,0.009062,-0.026662,0.026328,0.112773,-0.021323,0.025594,0.062756
552,4.6,-0.028187,0.025495,0.009065,-0.026668,0.026328,0.11277,-0.021326,0.025597,0.062756
553,4.608333,-0.028187,0.025495,0.009062,-0.026663,0.026328,0.112772,-0.021328,0.025593,0.062754
554,4.616667,-0.028189,0.025495,0.009062,-0.026664,0.026328,0.112775,-0.021324,0.02559,0.062756
555,4.625,-0.028188,0.025494,0.009066,-0.026664,0.026324,0.112775,-0.021324,0.025593,0.062752
556,4.633333,-0.028187,0.0255,0.009062,-0.026664,0.026328,0.112772,-0.021323,0.025594,0.062755
557,4.641667,-0.028196,0.025491,0.009062,-0.026663,0.026329,0.112774,-0.021321,0.025595,0.062759
558,4.65,-0.028188,0.025483,0.009062,-0.026664,0.026329,0.112772,-0.021325,0.025591,0.062755
559,4.658333,-0.028191,0.02549,0.009065,-0.026662,0.026328,0.112774,-0.021326,0.02559,0.062754
560,4.666667,-0.028185,0.025494,0.009064,-0.026663,0.02633,0.112771,-0.021323,0.025594,0.062756
561,4.675,-0.028192,0.025488,0.009061,-0.026662,0.026329,0.112773,-0.021327,0.025594,0.062753
562,4.683333,-0.028192,0.025486,0.00906,-0.026661,0.026328,0.112774,-0.021325,0.025591,0.062758
563,4.691667,-0.028191,0.025488,0.009065,-0.026665,0.026324,0.112776,-0.021326,0.025589,0.062755
564,4.7,-0.028193,0.025485,0.009065,-0.026666,0.026326,0.112771,-0.021326,0.025592,0.062756
565,4.708333,-0.028193,0.025487,0.009064,-0.026665,0.026326,0.112778,-0.021325,0.025593,0.062755
566,4.716667,-0.028188,0.025492,0.00907,-0.026663,0.026327,0.112776,-0.021326,0.025593,0.062757
567,4.725,-0.028188,0.025496,0.009067,-0.026665,0.026331,0.112775,-0.021331,0.025594,0.062759
568,4.733333,-0.028184,0.025495,0.009065,-0.026662,0.026324,0.112771,-0.021327,0.025591,0.062754
569,4.741667,-0.028192,0.025489,0.009065,-0.026662,0.026326,0.112773,-0.021326,0.025594,0.062756
570,4.75,-0.028192,0.02549,0.009061,-0.026664,0.026327,0.112775,-0.021326,0.025594,0.062751
571,4.758333,-0.028186,0.025493,0.009064,-0.026659,0.026327,0.112774,-0.021323,0.02559,0.062757
572,4.766667,-0.028192,0.025493,0.009065,-0.026664,0.026331,0.112771,-0.021327,0.025593,0.062756
573,4.775,-0.028183,0.025497,0.009066,-0.026664,0.026331,0.112771,-0.021325,0.025593,0.062757
574,4.783333,-0.02819,0.025484,0.009064,-0.026661,0.02633,0.112773,-0.021329,0.025591,0.062759
575,4.791667,-0.02819,0.025489,0.009066,-0.02666,0.026328,0.112773,-0.021328,0.025594,0.062754
576,4.8,-0.028185,0.025499,0.009063,-0.026662,0.026326,0.112773,-0.021326,0.02559,0.062752
577,4.808333,-0.028191,0.025489,0.009065,-0.026667,0.026327,0.112768,-0.021323,0.025594,0.06276
578,4.816667,-0.028196,0.025481,0.00906,-0.026665,0.02633,0.112769,-0.021326,0.025592,0.062752
579,4.825,-0.028194,0.025486,0.009064,-0.026665,0.026328,0.112773,-0.021327,0.025589,0.062754
580,4.833333,-0.028194,0.025487,0.009064,-0.026665,0.026325,0.112772,-0.021324,0.025595,0.062757
581,4.841667,-0.028194,0.025491,0.009067,-0.026663,0.026325,0.112773,-0.021323,0.025593,0.062754
582,4.85,-0.028183,0.025498,0.009072,-0.026663,0.02633,0.112773,-0.021328,0.025595,0.062756
583,4.858333,-0.028192,0.025486,0.009063,-0.02666,0.026329,0.112771,-0.021329,0.025593,0.062757
584,4.866667,-0.028192,0.02549,0.009068,-0.026663,0.026329,0.112773,-0.021325,0.02559,0.062757
585,4.875,-0.028194,0.025491,0.009063,-0.02666,0.026329,0.112776,-0.021326,0.025597,0.062755
586,4.883333,-0.028182,0.025498,0.009067,-0.026663,0.026324,0.112771,-0.021326,0.025591,0.062753
587,4.891667,-0.028188,0.025495,0.009068,-0.026668,0.026328,0.112771,-0.021327,0.025593,0.062754
588,4.9,-0.028187,0.025494,0.009068,-0.026665,0.026326,0.112773,-0.021327,0.025589,0.062755
589,4.908333,-0.028189,0.025491,0.009067,-0.026667,0.026329,0.112771,-0.021327,0.025594,0.062755
590,4.916667,-0.028194,0.025489,0.009064,-0.026663,0.026326,0.112771,-0.021325,0.025592,0.062754
591,4.925,-0.028195,0.025487,0.009064,-0.026666,0.026324,0.112773,-0.021328,0.025592,0.062756
592,4.933333,-0.028188,0.025495,0.009067,-0.026664,0.026329,0.112771,-0.02133,0.025589,0.062757
593,4.941667,-0.028193,0.025487,0.009061,-0.026663,0.026325,0.112771,-0.021327,0.025587,0.062756
594,4.95,-0.028193,0.02549,0.009066,-0.026662,0.02633,0.11277,-0.021328,0.025589,0.062754
595,4.958333,-0.028184,0.025498,0.009068,-0.026664,0.026327,0.11277,-0.021326,0.025591,0.062755
596,4.966667,-0.028192,0.025486,0.009064,-0.026663,0.026329,0.11277,-0.021329,0.025595,0.062755
597,4.975,-0.028189,0.025495,0.009066,-0.026663,0.026327,0.11277,-0.021327,0.02559,0.062754
598,4.983333,-0.028189,0.025494,0.009066,-0.026658,0.026324,0.112769,-0.021327,0.025593,0.062756
599,4.991667,-0.028194,0.025486,0.009066,-0.026666,0.026329,0.11277,-0.021329,0.02559,0.062754
600,5,-0.028195,0.025485,0.009063,-0.026665,0.026333,0.112772,-0.021326,0.025589,0.062754
601,5.008333,-0.028193,0.025489,0.009067,-0.026663,0.026329,0.11277,-0.021327,0.025592,0.062752
602,5.016667,-0.028194,0.025485,0.009067,-0.026663,0.026328,0.112771,-0.021327,0.025592,0.062757
603,5.025,-0.028191,0.025486,0.009062,-0.026665,0.026325,0.112769,-0.021329,0.025593,0.062755
604,5.033333,-0.028194,0.025488,0.009065,-0.026667,0.026323,0.11277,-0.021327,0.02559,0.062754
605,5.041667,-0.028188,0.025493,0.009067,-0.026665,0.026328,0.112772,-0.021327,0.025591,0.062757
606,5.05,-0.028185,0.025492,0.009068,-0.026665,0.026329,0.11277,-0.021331,0.02559,0.062753
607,5.058333,-0.028185,0.025498,0.009069,-0.026663,0.026327,0.112769,-0.021332,0.02559,0.062755
608,5.066667,-0.02819,0.025493,0.009068,-0.026662,0.026326,0.11277,-0.021326,0.025591,0.062757
609,5.075,-0.028187,0.025497,0.009067,-0.02666,0.02633,0.11277,-0.02133,0.02559,0.062753
610,5.083333,-0.028187,0.025488,0.009068,-0.026665,0.026326,0.112769,-0.021331,0.025594,0.062754
611,5.091667,-0.028193,0.025488,0.009065,-0.026663,0.026326,0.112771,-0.021329,0.025594,0.062756
612,5.1,-0.028191,0.025488,0.009066,-0.026661,0.026328,0.112773,-0.021331,0.025594,0.062756
613,5.108333,-0.028196,0.025485,0.009068,-0.026669,0.026326,0.112771,-0.02133,0.025591,0.062752
614,5.116667,-0.02819,0.025493,0.009067,-0.026663,0.02633,0.112772,-0.021331,0.025588,0.062753
615,5.125,-0.028194,0.025488,0.009067,-0.026667,0.026328,0.112771,-0.02133,0.025594,0.062756
616,5.133333,-0.028195,0.025487,0.009066,-0.026662,0.026326,0.112772,-0.021333,0.025587,0.062756
617,5.141667,-0.028193,0.025486,0.009065,-0.026666,0.026328,0.112768,-0.021331,0.025589,0.062755
618,5.15,-0.028188,0.025495,0.009071,-0.026661,0.02633,0.112772,-0.021328,0.025592,0.062752
619,5.158333,-0.028192,0.025486,0.009067,-0.026663,0.026326,0.112768,-0.021328,0.025591,0.062756
620,5.166667,-0.028189,0.02549,0.009067,-0.026663,0.02633,0.112766,-0.02133,0.025589,0.062754
621,5.175,-0.028193,0.025485,0.009064,-0.026663,0.026326,0.112769,-0.021327,0.02559,0.062755
622,5.183333,-0.028192,0.025489,0.009068,-0.026667,0.026326,0.11277,-0.021334,0.02559,0.062758
623,5.191667,-0.02819,0.025489,0.00907,-0.026667,0.026326,0.112769,-0.02133,0.025591,0.06275
624,5.2,-0.028193,0.025489,0.009067,-0.026666,0.026327,0.112769,-0.021333,0.025587,0.062754
625,5.208333,-0.028196,0.025488,0.009067,-0.026667,0.026326,0.11277,-0.02133,0.025587,0.062754
626,5.216667,-0.028196,0.025484,0.009067,-0.026665,0.026331,0.11277,-0.021332,0.025591,0.062756
627,5.225,-0.02819,0.02549,0.009071,-0.026667,0.026327,0.112768,-0.02133,0.025589,0.062755
628,5.233333,-0.028192,0.025487,0.009068,-0.026665,0.026325,0.112771,-0.021334,0.025589,0.062756
629,5.241667,-0.028192,0.025489,0.009068,-0.02666,0.026327,0.112767,-0.02133,0.025587,0.062757
630,5.25,-0.028192,0.025487,0.009066,-0.026662,0.026329,0.112768,-0.02133,0.025593,0.062754
631,5.258333,-0.028194,0.025489,0.009065,-0.026664,0.026329,0.112772,-0.021329,0.025587,0.062751
632,5.266667,-0.02819,0.025493,0.00907,-0.02666,0.026328,0.112766,-0.021328,0.025588,0.062752
633,5.275,-0.028192,0.025484,0.009069,-0.026663,0.026324,0.112768,-0.021331,0.025588,0.062754
634,5.283333,-0.028188,0.025496,0.009072,-0.026666,0.026333,0.112771,-0.021328,0.025592,0.062752
635,5.291667,-0.028191,0.025486,0.009067,-0.026664,0.026328,0.112768,-0.021332,0.025588,0.062759
636,5.3,-0.028188,0.025497,0.009069,-0.026667,0.026325,0.11277,-0.02133,0.025588,0.062755
637,5.308333,-0.028195,0.025488,0.009068,-0.026666,0.026328,0.112772,-0.021329,0.025589,0.062757
638,5.316667,-0.028188,0.025496,0.009069,-0.026665,0.026325,0.112769,-0.021332,0.02559,0.062756
639,5.325,-0.028195,0.025492,0.00907,-0.026665,0.026328,0.112766,-0.021331,0.02559,0.062752
640,5.333333,-0.028187,0.025493,0.009068,-0.026664,0.026327,0.112769,-0.021331,0.025589,0.062755
641,5.341667,-0.028187,0.025494,0.009072,-0.026662,0.026326,0.112767,-0.021329,0.025589,0.062749
642,5.35,-0.028185,0.025495,0.00907,-0.026664,0.026323,0.112769,-0.021329,0.025588,0.062756
643,5.358333,-0.028191,0.025483,0.009065,-0.026663,0.026328,0.112768,-0.021328,0.025588,0.062755
644,5.366667,-0.028193,0.025491,0.00907,-0.026665,0.026323,0.112768,-0.021331,0.025588,0.062756
645,5.375,-0.028194,0.025487,0.009068,-0.026664,0.026326,0.112771,-0.021334,0.02559,0.062757
646,5.383333,-0.028186,0.025497,0.009071,-0.026667,0.026322,0.112768,-0.021331,0.025584,0.062755
647,5.391667,-0.028193,0.025489,0.009069,-0.026664,0.026325,0.112772,-0.021331,0.02559,0.062753
648,5.4,-0.028189,0.025495,0.009067,-0.026666,0.026328,0.11277,-0.021327,0.02559,0.062756
649,5.408333,-0.028187,0.025496,0.009072,-0.026665,0.026324,0.112773,-0.021335,0.025591,0.062756
650,5.416667,-0.028192,0.025488,0.009072,-0.026666,0.026332,0.112768,-0.021332,0.025591,0.062753
651,5.425,-0.028195,0.025489,0.00907,-0.026665,0.026322,0.112767,-0.02133,0.025586,0.062754
652,5.433333,-0.028195,0.025488,0.009069,-0.026663,0.026331,0.11277,-0.02133,0.025591,0.062755
653,5.441667,-0.028189,0.025493,0.009072,-0.026662,0.026329,0.112768,-0.021329,0.025591,0.062753
654,5.45,-0.028193,0.025486,0.009067,-0.026666,0.026324,0.112769,-0.021328,0.025586,0.062758
655,5.458333,-0.028191,0.025489,0.009067,-0.026662,0.02633,0.112767,-0.02133,0.025591,0.062751
656,5.466667,-0.028193,0.025487,0.009072,-0.026663,0.026328,0.112768,-0.021331,0.025587,0.062754
657,5.475,-0.028191,0.025485,0.009067,-0.026665,0.026325,0.112766,-0.021327,0.025588,0.062752
658,5.483333,-0.028194,0.02549,0.00907,-0.026662,0.026327,0.112768,-0.021329,0.025591,0.062756
659,5.491667,-0.028187,0.025491,0.009075,-0.026666,0.026326,0.112769,-0.021327,0.025589,0.062755
660,5.5,-0.028199,0.025491,0.009069,-0.026666,0.02633,0.11277,-0.021333,0.025587,0.06276
661,5.508333,-0.028197,0.02549,0.009071,-0.026665,0.026328,0.112771,-0.021334,0.025588,0.062756
662,5.516667,-0.028189,0.025491,0.00907,-0.026667,0.026329,0.112765,-0.021335,0.025583,0.062759
663,5.525,-0.028194,0.025493,0.009068,-0.026663,0.026326,0.112766,-0.021331,0.025589,0.062757
664,5.533333,-0.028189,0.025494,0.00907,-0.026662,0.026329,0.112764,-0.02133,0.025589,0.062756
665,5.541667,-0.028193,0.025486,0.009068,-0.026666,0.026326,0.112767,-0.021331,0.025586,0.062753
666,5.55,-0.028197,0.025491,0.009067,-0.026662,0.026327,0.112767,-0.021332,0.025589,0.062756
667,5.558333,-0.028194,0.025487,0.009071,-0.026662,0.026328,0.112768,-0.02133,0.025586,0.062754
668,5.566667,-0.02819,0.025491,0.009071,-0.026662,0.026324,0.112766,-0.021331,0.025587,0.062755
669,5.575,-0.028196,0.02549,0.009067,-0.026663,0.026329,0.112768,-0.021333,0.025588,0.062756
670,5.583333,-0.028194,0.025488,0.009073,-0.026663,0.026329,0.112767,-0.021332,0.025588,0.062755
671,5.591667,-0.02819,0.025493,0.009071,-0.026664,0.026325,0.112768,-0.021329,0.02559,0.062755
672,5.6,-0.028192,0.025493,0.00907,-0.026664,0.026328,0.11277,-0.021332,0.025589,0.062755
673,5.608333,-0.028196,0.025486,0.009069,-0.026667,0.026326,0.112767,-0.021332,0.025587,0.062755
674,5.616667,-0.028187,0.02549,0.009072,-0.026667,0.026329,0.112766,-0.021331,0.025587,0.062753
675,5.625,-0.028194,0.025487,0.009067,-0.026665,0.026332,0.112767,-0.021328,0.025588,0.062753
676,5.633333,-0.028193,0.025484,0.009071,-0.026666,0.026331,0.112765,-0.021331,0.025587,0.062754
